{
  "models": [
    "XGBoost",
    "LightGBM",
    "CatBoost"
  ],
  "features": [
    "x117",
    "x19",
    "x122",
    "x126",
    "x17",
    "x7",
    "x13",
    "x6",
    "x130",
    "x8",
    "x118",
    "x129",
    "x124",
    "x127",
    "x11",
    "x112",
    "x23",
    "x4",
    "x119",
    "x125",
    "x14",
    "x16",
    "x123",
    "x9",
    "x57",
    "x87",
    "x86",
    "x90",
    "x70",
    "x88"
  ],
  "best_model": "LightGBM",
  "created": "2026-02-08 00:20:41",
  "XGBoost": {
    "r2": 0.9094155035594454,
    "rmse": 25.649049495518828
  },
  "LightGBM": {
    "r2": 0.9218937146036114,
    "rmse": 23.817015012119636
  },
  "CatBoost": {
    "r2": 0.8958048923505697,
    "rmse": 27.508569212021925
  }
}