Best Model,Test RMSE,Test R2,Overfit Gap
XGBoost (Tuned),29.993215083083243,0.8911961187616994,-2.942351800518079
